{
  "id": "250227081103776847",
  "name": "ieee-transformer",
  "model_path": "ieee-transformer_250227081103776847.pt",
  "batch": 8,
  "epochs": 10,
  "lr": 0.001,
  "grad_step": 2,
  "warmup_steps": 10,
  "lr_decay_factor": 2,
  "weight_decay": 0.001,
  "patience": 10,
  "embed_dim": 32,
  "num_heads": 4,
  "num_blocks": 4,
  "block_hidden_dim": 64,
  "fc_hidden_dim": 16,
  "dropout": 0.1,
  "accuracy": 0.8055555555555556,
  "f1-score": 0.8205128205128205,
  "recall": 0.7619047619047619,
  "auc": 0.8142857142857144,
  "_comment": "Performance decreased with the smaller model."
}