{
  "id": "250226120346386118",
  "name": "ieee_sample",
  "model_path": "ieee_sample_250226120346386118.pt",
  "batch": 64,
  "epochs": 7,
  "lr": 0.001,
  "grad_step": 4,
  "warmup_steps": 10,
  "lr_decay_factor": 10,
  "weight_decay": 0.0001,
  "patience": 5,
  "tag": "IEEE_22",
  "train": "ieee_train.pt",
  "test": "ieee_test.pt",
  "val": "ieee_val.pt",
  "channels": 19,
  "length": 2560,
  "num_classes": 2,
  "embed_dim": 128,
  "num_heads": 4,
  "num_blocks": 4,
  "mlp_dim": 512,
  "dropout": 0.5,
  "accuracy": 0.6981132075471698,
  "f1-score": 0.6756756756756757,
  "recall": 0.5617977528089888,
  "auc": 0.7166131621187801
}