{
  "id": "250227082819731394",
  "name": "ieee-transformer",
  "model_path": "ieee-transformer_250227082819731394.pt",
  "batch": 8,
  "epochs": 30,
  "lr": 0.001,
  "grad_step": 2,
  "warmup_steps": 30,
  "lr_decay_factor": 2,
  "weight_decay": 0.001,
  "patience": 30,
  "embed_dim": 64,
  "num_heads": 4,
  "num_blocks": 4,
  "block_hidden_dim": 64,
  "fc_hidden_dim": 32,
  "dropout": 0.1,
  "accuracy": 0.9444444444444444,
  "f1-score": 0.9523809523809523,
  "recall": 0.9523809523809523,
  "auc": 0.9428571428571428,
  "_comment": "Reproduced experiment '250227021349641576' with several bugs fixed (i.e. Adjusting the learning rate based on { training -> validation } loss)."
}